delta.rank	pval	level	nseqs	term	name	p.adj
0	2.95712243094203e-10	5	13036	unknown	unknown	3.96254405746232e-7
