delta.rank	pval	level	nseqs	term	name	p.adj
0	6.84726374407932e-31	5	13036	unknown	unknown	9.17533341706629e-28
