delta.rank	pval	level	nseqs	term	name	p.adj
0	7.63031458723982e-7	2	138	GO:0003735	structural constituent of ribosome	1.69583741701405e-4
0	9.2944194316973e-8	3	2373	GO:0004888;GO:0038023;GO:0060089	signaling receptor activity	2.75424629159297e-5
0	9.07264160910549e-9	2	1684	GO:0004930	G protein-coupled receptor activity	4.03278919524739e-6
0	4.32266538744021e-4	3	391	GO:0008188	neuropeptide receptor activity	0.0640474921572391
0	2.70158670806101e-5	2	552	GO:0008528;GO:0001653	peptide receptor activity	0.00480342116693248
0	3.2943662536423e-10	5	13036	unknown	unknown	2.928691599488e-7
