delta.rank	pval	level	nseqs	term	name	p.adj
0	5.69168194519059e-8	5	13036	unknown	unknown	5.05990524927443e-5
