delta.rank	pval	level	nseqs	term	name	p.adj
0	4.85693105511406e-26	5	13036	unknown	unknown	4.3178117079964e-23
